{
  "provenance": {
    "run_id": "detection_136class_yolov8m_finetune_img1536_maxdet2000_v2",
    "commit": "b0abef971b32efa80a4b3c4dd7d1eea0d7020827",
    "config_path": "C:/Users/ahmad/OneDrive/Desktop/Melodious_Initial_Code/melodious-v2/configs/detection_136class_yolov8m.yaml",
    "dataset_id": "deepscores_136_yolo_materialized",
    "split": "val",
    "taxonomy_id": "deepscores_136",
    "metric_version": "ultralytics_detection_v2.0",
    "artifact_sha256": "6af61b07f388f1cc8834501ad993d9bc5ccac910d72d0ee527f13add2fb29c26",
    "created_at": "2026-06-04T00:08:38.983546Z"
  },
  "metrics": {
    "metric_version": "ultralytics_detection_v2.0",
    "primary_metric": "mAP@0.5:0.95",
    "mAP@0.5:0.95": 0.707986237382828,
    "mAP@0.5": 0.8390674529615662,
    "precision@0.5": 0.8806427974719793,
    "recall@0.5": 0.7881733414248919,
    "F1@0.5": 0.8318461933668392,
    "per_class_mAP@0.5:0.95": {
      "brace": 0.9271330974515039,
      "ledgerLine": 0.01106603897644983,
      "repeatDot": 0.23767373049353116,
      "segno": 0.9949999999999999,
      "coda": 0.9658537641672893,
      "clefG": 0.9927166262894154,
      "clefCAlto": 0.9831378050050205,
      "clefCTenor": 0.984356030480785,
      "clefF": 0.9889248407328106,
      "clefUnpitchedPercussion": 0.707986237382828,
      "clef8": 0.6736360518058249,
      "clef15": 0.8867241304347827,
      "timeSig0": 0.9243547036408225,
      "timeSig1": 0.7638530627681371,
      "timeSig2": 0.824433199449649,
      "timeSig3": 0.8912572992340004,
      "timeSig4": 0.9056141646290132,
      "timeSig5": 0.707986237382828,
      "timeSig6": 0.8478297466132236,
      "timeSig7": 0.707986237382828,
      "timeSig8": 0.9223769423518651,
      "timeSig9": 0.876109580583351,
      "timeSigCommon": 0.9949999999999999,
      "timeSigCutCommon": 0.964048632218845,
      "noteheadBlackOnLine": 0.8591313625604311,
      "noteheadBlackOnLineSmall": 0.707986237382828,
      "noteheadBlackInSpace": 0.8579413758094528,
      "noteheadBlackInSpaceSmall": 0.707986237382828,
      "noteheadHalfOnLine": 0.84085710210908,
      "noteheadHalfOnLineSmall": 0.707986237382828,
      "noteheadHalfInSpace": 0.8366916389275222,
      "noteheadHalfInSpaceSmall": 0.707986237382828,
      "noteheadWholeOnLine": 0.8794082904341526,
      "noteheadWholeOnLineSmall": 0.707986237382828,
      "noteheadWholeInSpace": 0.8725940362552507,
      "noteheadWholeInSpaceSmall": 0.707986237382828,
      "noteheadDoubleWholeOnLine": 0.7427330546296458,
      "noteheadDoubleWholeOnLineSmall": 0.707986237382828,
      "noteheadDoubleWholeInSpace": 0.6538350784210597,
      "noteheadDoubleWholeInSpaceSmall": 0.707986237382828,
      "augmentationDot": 0.26796388729163445,
      "stem": 0.0,
      "tremolo1": 0.707986237382828,
      "tremolo2": 0.453299341991342,
      "tremolo3": 0.0,
      "tremolo4": 0.707986237382828,
      "tremolo5": 0.707986237382828,
      "flag8thUp": 0.7470091255390053,
      "flag8thUpSmall": 0.707986237382828,
      "flag16thUp": 0.7792069978265269,
      "flag32ndUp": 0.707986237382828,
      "flag64thUp": 0.8133030952380953,
      "flag128thUp": 0.8295282549019609,
      "flag8thDown": 0.8207040444816455,
      "flag8thDownSmall": 0.707986237382828,
      "flag16thDown": 0.8260426843009119,
      "flag32ndDown": 0.8954553571428571,
      "flag64thDown": 0.847026926910299,
      "flag128thDown": 0.9038175744047618,
      "accidentalFlat": 0.8143228818981225,
      "accidentalFlatSmall": 0.707986237382828,
      "accidentalNatural": 0.7875281845937103,
      "accidentalNaturalSmall": 0.707986237382828,
      "accidentalSharp": 0.8894638091981533,
      "accidentalSharpSmall": 0.707986237382828,
      "accidentalDoubleSharp": 0.7959047619047619,
      "accidentalDoubleFlat": 0.707986237382828,
      "keyFlat": 0.9010474558619986,
      "keyNatural": 0.7341553338935574,
      "keySharp": 0.9278054840612209,
      "articAccentAbove": 0.7957754042250896,
      "articAccentBelow": 0.7277261744730467,
      "articStaccatoAbove": 0.20249727614012675,
      "articStaccatoBelow": 0.1358722831772961,
      "articTenutoAbove": 0.1942468193517471,
      "articTenutoBelow": 0.0,
      "articStaccatissimoAbove": 0.3498886502873745,
      "articStaccatissimoBelow": 0.707986237382828,
      "articMarcatoAbove": 0.246677236426744,
      "articMarcatoBelow": 0.31959208965768204,
      "fermataAbove": 0.7777902567751965,
      "fermataBelow": 0.6392304792703747,
      "caesura": 0.573529701590254,
      "restDoubleWhole": 0.7523075887824328,
      "restWhole": 0.6632019545484424,
      "restHalf": 0.6384302134119183,
      "restQuarter": 0.8762293523801725,
      "rest8th": 0.881060903580206,
      "rest16th": 0.91874876681737,
      "rest32nd": 0.9541100842911877,
      "rest64th": 0.9500734198991798,
      "rest128th": 0.9548357405641814,
      "restHNr": 0.707986237382828,
      "dynamicP": 0.8218457734371174,
      "dynamicM": 0.7019968890236444,
      "dynamicF": 0.8733549031628854,
      "dynamicS": 0.6311391810716945,
      "dynamicZ": 0.6854352180932451,
      "dynamicR": 0.0,
      "graceNoteAcciaccaturaStemUp": 0.707986237382828,
      "graceNoteAppoggiaturaStemUp": 0.707986237382828,
      "graceNoteAcciaccaturaStemDown": 0.707986237382828,
      "graceNoteAppoggiaturaStemDown": 0.707986237382828,
      "ornamentTrill": 0.823144772593307,
      "ornamentTurn": 0.9149487922705314,
      "ornamentTurnInverted": 0.7347957514285715,
      "ornamentMordent": 0.8602405107207017,
      "stringsDownBow": 0.8466819074111077,
      "stringsUpBow": 0.8857318641679642,
      "arpeggiato": 0.4866493549583294,
      "keyboardPedalPed": 0.9949999999999999,
      "keyboardPedalUp": 0.9402821333333333,
      "tuplet3": 0.8805860182986466,
      "tuplet6": 0.885052962333957,
      "fingering0": 0.5007800331125829,
      "fingering1": 0.46815699382828874,
      "fingering2": 0.5226130220629239,
      "fingering3": 0.45768705536834436,
      "fingering4": 0.6552045409720788,
      "fingering5": 0.707986237382828,
      "slur": 0.8510310145852692,
      "beam": 0.8011588011549605,
      "tie": 0.7454276582215131,
      "restHBar": 0.8783307239769698,
      "dynamicCrescendoHairpin": 0.8755967374354668,
      "dynamicDiminuendoHairpin": 0.8670142164275111,
      "tuplet1": 0.0,
      "tuplet2": 0.707986237382828,
      "tuplet4": 0.707986237382828,
      "tuplet5": 0.0,
      "tuplet7": 0.707986237382828,
      "tuplet8": 0.707986237382828,
      "tuplet9": 0.707986237382828,
      "tupletBracket": 0.49005876663415826,
      "staff": 0.9421232316804584,
      "ottavaBracket": 0.21081263910221196
    }
  }
}