{
  "provenance": {
    "run_id": "detection_136class_yolov8m_tiled_stem_pilot_img1024_v1",
    "commit": "4ea4bdbb9ad1d8cda4131f745b1c974f9d7aa178",
    "config_path": "C:/Users/ahmad/OneDrive/Desktop/Melodious_Initial_Code/melodious-v2/configs/detection_136class_yolov8m.yaml",
    "dataset_id": "deepscores_136_yolo_tiled_stem_pilot_v1",
    "split": "val",
    "taxonomy_id": "deepscores_136",
    "metric_version": "ultralytics_detection_v2.0",
    "artifact_sha256": "ab72ff42e5ecf916bd4768b3a6413d67059ff6b51d37588375d274bf4d1b5bef",
    "created_at": "2026-06-04T19:51:37.014142Z"
  },
  "metrics": {
    "metric_version": "ultralytics_detection_v2.0",
    "primary_metric": "mAP@0.5:0.95",
    "mAP@0.5:0.95": 0.8521207647641077,
    "mAP@0.5": 0.9082394885392849,
    "precision@0.5": 0.9155509426073148,
    "recall@0.5": 0.8645416741076378,
    "F1@0.5": 0.8893154628249349,
    "per_class_mAP@0.5:0.95": {
      "brace": 0.6244605139081305,
      "ledgerLine": 0.8956514487613261,
      "repeatDot": 0.9178190853768669,
      "segno": 0.8243632478632478,
      "coda": 0.9949999999999999,
      "clefG": 0.9923779563572894,
      "clefCAlto": 0.9898214285714285,
      "clefCTenor": 0.8942116857298474,
      "clefF": 0.9898789965216466,
      "clefUnpitchedPercussion": 0.8521207647641077,
      "clef8": 0.8609607098292325,
      "clef15": 0.8955,
      "timeSig0": 0.965952380952381,
      "timeSig1": 0.9149284307432982,
      "timeSig2": 0.9304058840169731,
      "timeSig3": 0.9949999999999999,
      "timeSig4": 0.9750814422538557,
      "timeSig5": 0.8521207647641077,
      "timeSig6": 0.9649717514124294,
      "timeSig7": 0.8521207647641077,
      "timeSig8": 0.9892546144380641,
      "timeSig9": 0.9613545019157088,
      "timeSigCommon": 0.9949999999999999,
      "timeSigCutCommon": 0.9949999999999999,
      "noteheadBlackOnLine": 0.9811842171713195,
      "noteheadBlackOnLineSmall": 0.8521207647641077,
      "noteheadBlackInSpace": 0.9767823371669652,
      "noteheadBlackInSpaceSmall": 0.8521207647641077,
      "noteheadHalfOnLine": 0.9838406182960012,
      "noteheadHalfOnLineSmall": 0.8521207647641077,
      "noteheadHalfInSpace": 0.9717054188476162,
      "noteheadHalfInSpaceSmall": 0.8521207647641077,
      "noteheadWholeOnLine": 0.9770557639387942,
      "noteheadWholeOnLineSmall": 0.8521207647641077,
      "noteheadWholeInSpace": 0.9420116476400235,
      "noteheadWholeInSpaceSmall": 0.8521207647641077,
      "noteheadDoubleWholeOnLine": 0.8695367132867133,
      "noteheadDoubleWholeOnLineSmall": 0.8521207647641077,
      "noteheadDoubleWholeInSpace": 0.24198860714285714,
      "noteheadDoubleWholeInSpaceSmall": 0.8521207647641077,
      "augmentationDot": 0.951387713738491,
      "stem": 0.7345783859762263,
      "tremolo1": 0.8521207647641077,
      "tremolo2": 0.8020075757575759,
      "tremolo3": 0.1592,
      "tremolo4": 0.8521207647641077,
      "tremolo5": 0.8521207647641077,
      "flag8thUp": 0.8579518244687186,
      "flag8thUpSmall": 0.8521207647641077,
      "flag16thUp": 0.8172923253618494,
      "flag32ndUp": 0.8521207647641077,
      "flag64thUp": 0.8405670833333334,
      "flag128thUp": 0.8508596491228071,
      "flag8thDown": 0.8995411921354421,
      "flag8thDownSmall": 0.8521207647641077,
      "flag16thDown": 0.8974812907299483,
      "flag32ndDown": 0.8521207647641077,
      "flag64thDown": 0.9949999999999999,
      "flag128thDown": 0.8771055386522427,
      "accidentalFlat": 0.9798747897061327,
      "accidentalFlatSmall": 0.8521207647641077,
      "accidentalNatural": 0.9666697236210797,
      "accidentalNaturalSmall": 0.8521207647641077,
      "accidentalSharp": 0.9892442865830715,
      "accidentalSharpSmall": 0.8521207647641077,
      "accidentalDoubleSharp": 0.8521207647641077,
      "accidentalDoubleFlat": 0.8521207647641077,
      "keyFlat": 0.9847315544729567,
      "keyNatural": 0.982309375,
      "keySharp": 0.9921642895394495,
      "articAccentAbove": 0.9699801490391493,
      "articAccentBelow": 0.9590644801223241,
      "articStaccatoAbove": 0.9316193546476251,
      "articStaccatoBelow": 0.9348103755225653,
      "articTenutoAbove": 0.8058583559171169,
      "articTenutoBelow": 0.0,
      "articStaccatissimoAbove": 0.9949999999999999,
      "articStaccatissimoBelow": 0.8521207647641077,
      "articMarcatoAbove": 0.9176967423768716,
      "articMarcatoBelow": 0.9519627272727271,
      "fermataAbove": 0.8922615877278879,
      "fermataBelow": 0.954938,
      "caesura": 0.8421700920287526,
      "restDoubleWhole": 0.07236363636363637,
      "restWhole": 0.9016752073212311,
      "restHalf": 0.8445826398285942,
      "restQuarter": 0.9723925736990877,
      "rest8th": 0.9689956520545981,
      "rest16th": 0.9718074335474792,
      "rest32nd": 0.8405531255418088,
      "rest64th": 0.9105986692909982,
      "rest128th": 0.9467821930757415,
      "restHNr": 0.8521207647641077,
      "dynamicP": 0.9720864945660669,
      "dynamicM": 0.9751242646151417,
      "dynamicF": 0.9874783903617622,
      "dynamicS": 0.9690302197802199,
      "dynamicZ": 0.9245103529411764,
      "dynamicR": 0.0,
      "graceNoteAcciaccaturaStemUp": 0.8521207647641077,
      "graceNoteAppoggiaturaStemUp": 0.8521207647641077,
      "graceNoteAcciaccaturaStemDown": 0.8521207647641077,
      "graceNoteAppoggiaturaStemDown": 0.8521207647641077,
      "ornamentTrill": 0.990303550295858,
      "ornamentTurn": 0.9824999999999999,
      "ornamentTurnInverted": 0.907061488095238,
      "ornamentMordent": 0.9949999999999999,
      "stringsDownBow": 0.9514562571466083,
      "stringsUpBow": 0.93340361116424,
      "arpeggiato": 0.9567467567883441,
      "keyboardPedalPed": 0.8955,
      "keyboardPedalUp": 0.9949999999999999,
      "tuplet3": 0.9931149820217005,
      "tuplet6": 0.9949999999999999,
      "fingering0": 0.9949999999999999,
      "fingering1": 0.8769282669813678,
      "fingering2": 0.8553279697460343,
      "fingering3": 0.912293593803868,
      "fingering4": 0.863711755773948,
      "fingering5": 0.8521207647641077,
      "slur": 0.8896792136404426,
      "beam": 0.8769708350968146,
      "tie": 0.9027352924470167,
      "restHBar": 0.0,
      "dynamicCrescendoHairpin": 0.7245680023290301,
      "dynamicDiminuendoHairpin": 0.5347896763126979,
      "tuplet1": 0.0,
      "tuplet2": 0.8521207647641077,
      "tuplet4": 0.8521207647641077,
      "tuplet5": 0.8521207647641077,
      "tuplet7": 0.8521207647641077,
      "tuplet8": 0.8521207647641077,
      "tuplet9": 0.8521207647641077,
      "tupletBracket": 0.5159126511104699,
      "staff": 0.8521207647641077,
      "ottavaBracket": 0.31454309090909094
    }
  }
}