{
  "provenance": {
    "run_id": "detection_136class_yolov8m_finetune_img1536_maxdet2000_v2_test_final",
    "commit": "11534857bb5166fa613a54ed3f1d411dd68a688e",
    "config_path": "C:/Users/ahmad/OneDrive/Desktop/Melodious_Initial_Code/melodious-v2/configs/detection_136class_yolov8m.yaml",
    "dataset_id": "deepscores_136_yolo_materialized",
    "split": "test",
    "taxonomy_id": "deepscores_136",
    "metric_version": "ultralytics_detection_v2.0",
    "artifact_sha256": "6af61b07f388f1cc8834501ad993d9bc5ccac910d72d0ee527f13add2fb29c26",
    "created_at": "2026-06-08T00:37:44.347298Z"
  },
  "metrics": {
    "metric_version": "ultralytics_detection_v2.0",
    "primary_metric": "mAP@0.5:0.95",
    "mAP@0.5:0.95": 0.7070089366721093,
    "mAP@0.5": 0.852207159642617,
    "precision@0.5": 0.88660192437495,
    "recall@0.5": 0.7956273543690356,
    "F1@0.5": 0.8386546975280545,
    "per_class_mAP@0.5:0.95": {
      "brace": 0.9258374720209632,
      "ledgerLine": 0.018274217207904963,
      "repeatDot": 0.2717047372524393,
      "segno": 0.9877392527177324,
      "coda": 0.9815043481834621,
      "clefG": 0.9935416296685137,
      "clefCAlto": 0.9837720014630402,
      "clefCTenor": 0.9905938364734661,
      "clefF": 0.991141922413237,
      "clefUnpitchedPercussion": 0.7070089366721093,
      "clef8": 0.7250535548000387,
      "clef15": 0.8690003112053588,
      "timeSig0": 0.9174707948058689,
      "timeSig1": 0.743686813837672,
      "timeSig2": 0.8789061753488783,
      "timeSig3": 0.7241160253133044,
      "timeSig4": 0.844002115305966,
      "timeSig5": 0.5646925529671735,
      "timeSig6": 0.8152016124440167,
      "timeSig7": 0.7883068804972402,
      "timeSig8": 0.8882420130959332,
      "timeSig9": 0.8966668855496186,
      "timeSigCommon": 0.9525412176264828,
      "timeSigCutCommon": 0.9285190719732604,
      "noteheadBlackOnLine": 0.8710653519013739,
      "noteheadBlackOnLineSmall": 0.7070089366721093,
      "noteheadBlackInSpace": 0.8716159858431629,
      "noteheadBlackInSpaceSmall": 0.7070089366721093,
      "noteheadHalfOnLine": 0.8574170217751304,
      "noteheadHalfOnLineSmall": 0.7070089366721093,
      "noteheadHalfInSpace": 0.8533948342754514,
      "noteheadHalfInSpaceSmall": 0.7070089366721093,
      "noteheadWholeOnLine": 0.8765719534521837,
      "noteheadWholeOnLineSmall": 0.7070089366721093,
      "noteheadWholeInSpace": 0.8717721253497178,
      "noteheadWholeInSpaceSmall": 0.7070089366721093,
      "noteheadDoubleWholeOnLine": 0.21871112126867662,
      "noteheadDoubleWholeOnLineSmall": 0.7070089366721093,
      "noteheadDoubleWholeInSpace": 0.3190062915704127,
      "noteheadDoubleWholeInSpaceSmall": 0.7070089366721093,
      "augmentationDot": 0.32311564578277463,
      "stem": 0.0,
      "tremolo1": 0.6253149831931354,
      "tremolo2": 0.2608554840152023,
      "tremolo3": 0.6698254105483142,
      "tremolo4": 0.9280513671874999,
      "tremolo5": 0.7070089366721093,
      "flag8thUp": 0.7429716016224013,
      "flag8thUpSmall": 0.7070089366721093,
      "flag16thUp": 0.7651458456769573,
      "flag32ndUp": 0.77864440927946,
      "flag64thUp": 0.8662948717945523,
      "flag128thUp": 0.8748020451842617,
      "flag8thDown": 0.8144458169642343,
      "flag8thDownSmall": 0.7070089366721093,
      "flag16thDown": 0.8095539465718906,
      "flag32ndDown": 0.7988574960607979,
      "flag64thDown": 0.5681907362834474,
      "flag128thDown": 0.8617170117504802,
      "accidentalFlat": 0.8469705540538044,
      "accidentalFlatSmall": 0.7070089366721093,
      "accidentalNatural": 0.8026796622518712,
      "accidentalNaturalSmall": 0.7070089366721093,
      "accidentalSharp": 0.904785383518474,
      "accidentalSharpSmall": 0.7070089366721093,
      "accidentalDoubleSharp": 0.768850535698689,
      "accidentalDoubleFlat": 0.7070089366721093,
      "keyFlat": 0.8927444815571443,
      "keyNatural": 0.8105185189093251,
      "keySharp": 0.9383326645172787,
      "articAccentAbove": 0.8022169379248375,
      "articAccentBelow": 0.7601426120882687,
      "articStaccatoAbove": 0.1813278540399646,
      "articStaccatoBelow": 0.12857258321680137,
      "articTenutoAbove": 0.13768183345532797,
      "articTenutoBelow": 0.0,
      "articStaccatissimoAbove": 0.12798102577207082,
      "articStaccatissimoBelow": 0.15414079013918372,
      "articMarcatoAbove": 0.3808047744560409,
      "articMarcatoBelow": 0.6217200089661493,
      "fermataAbove": 0.8681380866528723,
      "fermataBelow": 0.8019419904063747,
      "caesura": 0.5853209357062968,
      "restDoubleWhole": 0.6187417330947883,
      "restWhole": 0.6802215547027403,
      "restHalf": 0.6503250465739808,
      "restQuarter": 0.8901664195211216,
      "rest8th": 0.8893010875316392,
      "rest16th": 0.9189132633895116,
      "rest32nd": 0.9508471317837619,
      "rest64th": 0.9656118202091675,
      "rest128th": 0.9385585480754797,
      "restHNr": 0.7070089366721093,
      "dynamicP": 0.8305401487087304,
      "dynamicM": 0.7678181747271214,
      "dynamicF": 0.8792565783387938,
      "dynamicS": 0.6121822816216175,
      "dynamicZ": 0.7370169381261261,
      "dynamicR": 0.0,
      "graceNoteAcciaccaturaStemUp": 0.7070089366721093,
      "graceNoteAppoggiaturaStemUp": 0.7070089366721093,
      "graceNoteAcciaccaturaStemDown": 0.7070089366721093,
      "graceNoteAppoggiaturaStemDown": 0.7070089366721093,
      "ornamentTrill": 0.8672478412397725,
      "ornamentTurn": 0.8816345525130073,
      "ornamentTurnInverted": 0.8296571240981241,
      "ornamentMordent": 0.8641943153728127,
      "stringsDownBow": 0.8568739709976043,
      "stringsUpBow": 0.8121405007559641,
      "arpeggiato": 0.5714793229004259,
      "keyboardPedalPed": 0.8167067822329364,
      "keyboardPedalUp": 0.7232331205140685,
      "tuplet3": 0.8006407360146159,
      "tuplet6": 0.8968317961963356,
      "fingering0": 0.7130393652168899,
      "fingering1": 0.6332786526859941,
      "fingering2": 0.6475961715424063,
      "fingering3": 0.6242869068191114,
      "fingering4": 0.6525693580004981,
      "fingering5": 0.7077013944153577,
      "slur": 0.851001989099923,
      "beam": 0.7955693928522939,
      "tie": 0.7289120649981159,
      "restHBar": 0.8611182572025676,
      "dynamicCrescendoHairpin": 0.9076897348850059,
      "dynamicDiminuendoHairpin": 0.8791751985728394,
      "tuplet1": 0.7070089366721093,
      "tuplet2": 0.7070089366721093,
      "tuplet4": 0.7070089366721093,
      "tuplet5": 0.0,
      "tuplet7": 0.7070089366721093,
      "tuplet8": 0.7070089366721093,
      "tuplet9": 0.0,
      "tupletBracket": 0.7236176247269257,
      "staff": 0.9562148330989707,
      "ottavaBracket": 0.21634326772100052
    }
  }
}