{
  "gnn_assembly": {
    "accuracy": 0.865744034146026,
    "macro_f1": 0.3093471981513576,
    "weighted_f1": 0.8035064907554244,
    "positive_only_f1": 0.0,
    "positive_only_accuracy": 0.0,
    "per_class": {
      "no_relation": {
        "precision": 0.8658000258698745,
        "recall": 0.999925306244398,
        "f1-score": 0.9280415944540727,
        "support": 66940.0
      },
      "stem_notehead": {
        "precision": 0.0,
        "recall": 0.0,
        "f1-score": 0.0,
        "support": 8999.0
      },
      "beam_notegroup": {
        "precision": 0.0,
        "recall": 0.0,
        "f1-score": 0.0,
        "support": 1376.0
      },
      "accuracy": 0.865744034146026,
      "macro avg": {
        "precision": 0.2886000086232915,
        "recall": 0.3333084354147993,
        "f1-score": 0.3093471981513576,
        "support": 77315.0
      },
      "weighted avg": {
        "precision": 0.7496171988841673,
        "recall": 0.865744034146026,
        "f1-score": 0.8035064907554244,
        "support": 77315.0
      }
    },
    "n_edges": 77315,
    "n_positive": 10375
  },
  "combined_estimate": {
    "detection_mAP50": 0.652,
    "assembly_weighted_f1": 0.8035064907554244,
    "estimated_combined_f1": 0.5238862319725367,
    "note": "Conservative lower bound \u2014 assumes detection errors fully propagate"
  }
}